--
-- Generated by mysql-backup4j
-- https://github.com/SeunMatt/mysql-backup4j
-- Date: 31-3-2020 10:43:26
--

/*!40101 SET @OLD_CHARACTER_SET_CLIENT=@@CHARACTER_SET_CLIENT */;
/*!40101 SET NAMES utf8 */;
/*!50503 SET NAMES utf8mb4 */;
/*!40014 SET @OLD_FOREIGN_KEY_CHECKS=@@FOREIGN_KEY_CHECKS, FOREIGN_KEY_CHECKS=0 */;
/*!40101 SET @OLD_SQL_MODE=@@SQL_MODE, SQL_MODE='NO_AUTO_VALUE_ON_ZERO' */;

--
-- start  table dump : account
--

CREATE TABLE IF NOT EXISTS `account` (
  `email` varchar(255) NOT NULL,
  `account_admin` bit(1) DEFAULT NULL,
  `account_type` char(1) DEFAULT NULL,
  `address` varchar(255) DEFAULT NULL,
  `city` varchar(255) DEFAULT NULL,
  `country` varchar(255) DEFAULT NULL,
  `first_name` varchar(255) DEFAULT NULL,
  `is_confirmed` bit(1) DEFAULT NULL,
  `is_subscript` bit(1) DEFAULT NULL,
  `last_name` varchar(255) DEFAULT NULL,
  `password` varchar(255) DEFAULT NULL,
  `phone_num` varchar(255) DEFAULT NULL,
  `pickup` bit(1) DEFAULT NULL,
  `postal_code` varchar(255) DEFAULT NULL,
  `province` varchar(255) DEFAULT NULL,
  `user_created` bit(1) DEFAULT NULL,
  PRIMARY KEY (`email`)
) ENGINE=InnoDB DEFAULT CHARSET=utf8mb4 COLLATE=utf8mb4_0900_ai_ci;



--
-- end  table dump : account
--


--
-- Inserts of account
--


/*!40000 ALTER TABLE `account` DISABLE KEYS */;

--
-- start table insert : account
--
INSERT INTO `account`(`email`, `account_admin`, `account_type`, `address`, `city`, `country`, `first_name`, `is_confirmed`, `is_subscript`, `last_name`, `password`, `phone_num`, `pickup`, `postal_code`, `province`, `user_created`) VALUES 
('jjrr1717@yahoo.com', 0, 'C', '123 Fatt House', 'Fatt Town', 'Fatt', 'Jocelyn', 0, 0, 'Wegen', null, '1987654321', 0, 'W3X0B4', null, 0),
('jocelyn.wegen@edu.sait.ca', 0, 'C', '123 Fatt House', 'Fatt Town', 'Fatt', 'Jocelyn', 0, 0, 'Wegen', null, '1987654321', 0, 'W3X0B4', null, 0),
('jocelyn@email.ca', 0, 'C', '123 Fatt House', 'Fatt Town', 'Fatt', 'Jocelyn', 0, 0, 'Wegen', null, '1987654321', 0, 'W3X0B4', null, 0);
--
-- end table insert : account
--

/*!40000 ALTER TABLE `account` ENABLE KEYS */;


--
-- start  table dump : account_discount
--

CREATE TABLE IF NOT EXISTS `account_discount` (
  `account_email` varchar(255) NOT NULL,
  `discount_code` varchar(255) NOT NULL,
  PRIMARY KEY (`account_email`,`discount_code`),
  KEY `FKqbyxiwccuw3sm5d7plyhodfg8` (`discount_code`),
  CONSTRAINT `FKqbyxiwccuw3sm5d7plyhodfg8` FOREIGN KEY (`discount_code`) REFERENCES `discount` (`code`),
  CONSTRAINT `FKsshirbwfkigbndgh01ovp7wlo` FOREIGN KEY (`account_email`) REFERENCES `account` (`email`)
) ENGINE=InnoDB DEFAULT CHARSET=utf8mb4 COLLATE=utf8mb4_0900_ai_ci;



--
-- end  table dump : account_discount
--



--
-- start  table dump : backup
--

CREATE TABLE IF NOT EXISTS `backup` (
  `id` bigint(20) NOT NULL AUTO_INCREMENT,
  `date` date DEFAULT NULL,
  `description` varchar(255) DEFAULT NULL,
  `name` varchar(255) DEFAULT NULL,
  `url` varchar(255) DEFAULT NULL,
  PRIMARY KEY (`id`)
) ENGINE=InnoDB DEFAULT CHARSET=utf8mb4 COLLATE=utf8mb4_0900_ai_ci;



--
-- end  table dump : backup
--



--
-- start  table dump : cart
--

CREATE TABLE IF NOT EXISTS `cart` (
  `order_num` bigint(20) NOT NULL AUTO_INCREMENT,
  `from_account` bit(1) DEFAULT NULL,
  `account_num` varchar(255) DEFAULT NULL,
  PRIMARY KEY (`order_num`),
  KEY `FKfcu5t6ix2dc4g4prm54l5uoob` (`account_num`),
  CONSTRAINT `FKfcu5t6ix2dc4g4prm54l5uoob` FOREIGN KEY (`account_num`) REFERENCES `account` (`email`)
) ENGINE=InnoDB AUTO_INCREMENT=8 DEFAULT CHARSET=utf8mb4 COLLATE=utf8mb4_0900_ai_ci;



--
-- end  table dump : cart
--


--
-- Inserts of cart
--


/*!40000 ALTER TABLE `cart` DISABLE KEYS */;

--
-- start table insert : cart
--
INSERT INTO `cart`(`order_num`, `from_account`, `account_num`) VALUES 
('1', 0, null),
('2', 0, null),
('3', 0, null),
('4', 0, null),
('5', 0, null),
('6', 0, null),
('7', 0, null);
--
-- end table insert : cart
--

/*!40000 ALTER TABLE `cart` ENABLE KEYS */;


--
-- start  table dump : discount
--

CREATE TABLE IF NOT EXISTS `discount` (
  `code` varchar(255) NOT NULL,
  `active` bit(1) DEFAULT NULL,
  `description` varchar(255) DEFAULT NULL,
  `end_date` datetime(6) DEFAULT NULL,
  `is_highlighted` bit(1) DEFAULT NULL,
  `minimum_order_value` bigint(20) DEFAULT NULL,
  `percent` float DEFAULT NULL,
  `start_date` datetime(6) DEFAULT NULL,
  `type` varchar(255) DEFAULT NULL,
  `product_prod_id` bigint(20) DEFAULT NULL,
  `banner_message` varchar(255) DEFAULT NULL,
  PRIMARY KEY (`code`),
  KEY `FKbfw5vbhe9he5reqn8cn96dktn` (`product_prod_id`),
  CONSTRAINT `FKbfw5vbhe9he5reqn8cn96dktn` FOREIGN KEY (`product_prod_id`) REFERENCES `product` (`prod_id`)
) ENGINE=InnoDB DEFAULT CHARSET=utf8mb4 COLLATE=utf8mb4_0900_ai_ci;



--
-- end  table dump : discount
--


--
-- Inserts of discount
--


/*!40000 ALTER TABLE `discount` DISABLE KEYS */;

--
-- start table insert : discount
--
INSERT INTO `discount`(`code`, `active`, `description`, `end_date`, `is_highlighted`, `minimum_order_value`, `percent`, `start_date`, `type`, `product_prod_id`, `banner_message`) VALUES 
('FIRST', 1, null, '2020-08-30 00:00:00', 1, null, '20.0', '2020-03-28 00:00:00', null, null, 'Test'),
('SECOND', 1, null, '2020-08-30 00:00:00', 0, null, '10.0', '2020-03-27 00:00:00', null, null, 'no test');
--
-- end table insert : discount
--

/*!40000 ALTER TABLE `discount` ENABLE KEYS */;


--
-- start  table dump : invoice
--

CREATE TABLE IF NOT EXISTS `invoice` (
  `invoice_num` bigint(20) NOT NULL AUTO_INCREMENT,
  `date` date DEFAULT NULL,
  `discount` bigint(20) DEFAULT NULL,
  `message` varchar(255) DEFAULT NULL,
  `pickup` bit(1) DEFAULT NULL,
  `shipped` bit(1) DEFAULT NULL,
  `shipping_cost` bigint(20) DEFAULT NULL,
  `state` bit(1) DEFAULT NULL,
  `subtotal` bigint(20) DEFAULT NULL,
  `taxes` bigint(20) DEFAULT NULL,
  `total` bigint(20) DEFAULT NULL,
  `account_num` varchar(255) DEFAULT NULL,
  PRIMARY KEY (`invoice_num`),
  KEY `FKsybykd8my21sid3a7alo4ycj6` (`account_num`),
  CONSTRAINT `FKsybykd8my21sid3a7alo4ycj6` FOREIGN KEY (`account_num`) REFERENCES `account` (`email`)
) ENGINE=InnoDB AUTO_INCREMENT=4 DEFAULT CHARSET=utf8mb4 COLLATE=utf8mb4_0900_ai_ci;



--
-- end  table dump : invoice
--


--
-- Inserts of invoice
--


/*!40000 ALTER TABLE `invoice` DISABLE KEYS */;

--
-- start table insert : invoice
--
INSERT INTO `invoice`(`invoice_num`, `date`, `discount`, `message`, `pickup`, `shipped`, `shipping_cost`, `state`, `subtotal`, `taxes`, `total`, `account_num`) VALUES 
('1', '2020-03-29', '0', null, 0, 0, '1000', 0, '4998', '249', '6247', 'jocelyn@email.ca'),
('2', '2020-03-29', '0', null, 0, 0, '1000', 0, '4998', '249', '6247', 'jocelyn.wegen@edu.sait.ca'),
('3', '2020-03-29', '0', null, 0, 0, '1000', 0, '4998', '249', '6247', 'jjrr1717@yahoo.com');
--
-- end table insert : invoice
--

/*!40000 ALTER TABLE `invoice` ENABLE KEYS */;


--
-- start  table dump : line_item
--

CREATE TABLE IF NOT EXISTS `line_item` (
  `line_num` bigint(20) NOT NULL AUTO_INCREMENT,
  `current_name` varchar(255) DEFAULT NULL,
  `current_price` bigint(20) DEFAULT NULL,
  `quantity` int(11) DEFAULT NULL,
  `order_num` bigint(20) DEFAULT NULL,
  `invoice_num` bigint(20) DEFAULT NULL,
  `lot_num` varchar(255) DEFAULT NULL,
  `prod_num` bigint(20) DEFAULT NULL,
  PRIMARY KEY (`line_num`),
  KEY `FKtdu7xf437jjxwdlg9f5sb9usl` (`order_num`),
  KEY `FKplbwociqe1ge9ykws5v4x1lrs` (`invoice_num`),
  KEY `FKlgxth7nve3qlrldbyly45oey3` (`lot_num`),
  KEY `FKrblqjkg45kk9kfltn251wfojn` (`prod_num`),
  CONSTRAINT `FKlgxth7nve3qlrldbyly45oey3` FOREIGN KEY (`lot_num`) REFERENCES `lot` (`lot_num`),
  CONSTRAINT `FKplbwociqe1ge9ykws5v4x1lrs` FOREIGN KEY (`invoice_num`) REFERENCES `invoice` (`invoice_num`),
  CONSTRAINT `FKrblqjkg45kk9kfltn251wfojn` FOREIGN KEY (`prod_num`) REFERENCES `product` (`prod_id`),
  CONSTRAINT `FKtdu7xf437jjxwdlg9f5sb9usl` FOREIGN KEY (`order_num`) REFERENCES `cart` (`order_num`)
) ENGINE=InnoDB AUTO_INCREMENT=8 DEFAULT CHARSET=utf8mb4 COLLATE=utf8mb4_0900_ai_ci;



--
-- end  table dump : line_item
--


--
-- Inserts of line_item
--


/*!40000 ALTER TABLE `line_item` DISABLE KEYS */;

--
-- start table insert : line_item
--
INSERT INTO `line_item`(`line_num`, `current_name`, `current_price`, `quantity`, `order_num`, `invoice_num`, `lot_num`, `prod_num`) VALUES 
('1', 'Olive Oil', '2499', 2, '1', '1', null, '1'),
('2', 'Olive Oil', '2499', 2, '2', null, null, '1'),
('3', 'Olive Oil', '2499', 2, '3', null, null, '1'),
('4', 'Olive Oil', '2499', 2, '4', null, null, '1'),
('5', 'Olive Oil', '2499', 2, '5', '2', null, '1'),
('6', 'Olive Oil', '2499', 2, '6', null, null, '1'),
('7', 'Olive Oil', '2499', 2, '7', '3', null, '1');
--
-- end table insert : line_item
--

/*!40000 ALTER TABLE `line_item` ENABLE KEYS */;


--
-- start  table dump : lot
--

CREATE TABLE IF NOT EXISTS `lot` (
  `lot_num` varchar(255) NOT NULL,
  `best_before` date DEFAULT NULL,
  `cost` bigint(20) DEFAULT NULL,
  `quantity` int(11) DEFAULT NULL,
  `product_prod_id` bigint(20) DEFAULT NULL,
  `purchase_order_po_num` bigint(20) DEFAULT NULL,
  `warehouse_warehouse_num` bigint(20) DEFAULT NULL,
  PRIMARY KEY (`lot_num`),
  KEY `FKdpg1svq8tu7ej0cyi6ewsb1m6` (`product_prod_id`),
  KEY `FK4kb5pg77n7b772bl13fheerqf` (`purchase_order_po_num`),
  KEY `FK9ct7tcgo9r43mxaepmma5gsde` (`warehouse_warehouse_num`),
  CONSTRAINT `FK4kb5pg77n7b772bl13fheerqf` FOREIGN KEY (`purchase_order_po_num`) REFERENCES `purchase_order` (`po_num`),
  CONSTRAINT `FK9ct7tcgo9r43mxaepmma5gsde` FOREIGN KEY (`warehouse_warehouse_num`) REFERENCES `warehouse` (`warehouse_num`),
  CONSTRAINT `FKdpg1svq8tu7ej0cyi6ewsb1m6` FOREIGN KEY (`product_prod_id`) REFERENCES `product` (`prod_id`)
) ENGINE=InnoDB DEFAULT CHARSET=utf8mb4 COLLATE=utf8mb4_0900_ai_ci;



--
-- end  table dump : lot
--


--
-- Inserts of lot
--


/*!40000 ALTER TABLE `lot` DISABLE KEYS */;

--
-- start table insert : lot
--
INSERT INTO `lot`(`lot_num`, `best_before`, `cost`, `quantity`, `product_prod_id`, `purchase_order_po_num`, `warehouse_warehouse_num`) VALUES 
('1-1', '2022-01-06', '1299', 5, '2', '1', null),
('10-1', '2021-01-30', '599', 20, '1', '10', '1'),
('10-2', '2022-01-30', '1299', 5, '2', '10', '2'),
('2-1', '2022-01-06', '1299', 5, '2', '2', null),
('3-1', '2022-01-06', '1299', 5, '2', '3', null),
('4-1', '2022-01-06', '1299', 5, '2', '4', null),
('5-1', '2022-01-06', '1299', 5, '2', '5', null),
('6-1', '2022-01-06', '1299', 5, '2', '6', null),
('7-1', '2022-01-06', '1299', 5, '2', '7', null),
('8-1', '2021-01-06', '599', 14, '1', '8', null),
('8-2', '2022-01-06', '1299', 5, '2', '8', null),
('9-1', '2021-01-06', '599', 20, '1', '9', '1'),
('9-2', '2022-01-06', '1299', 5, '2', '9', '2');
--
-- end table insert : lot
--

/*!40000 ALTER TABLE `lot` ENABLE KEYS */;


--
-- start  table dump : product
--

CREATE TABLE IF NOT EXISTS `product` (
  `prod_id` bigint(20) NOT NULL,
  `active` bit(1) DEFAULT NULL,
  `description` varchar(255) DEFAULT NULL,
  `harvest_time` varchar(255) DEFAULT NULL,
  `image_main` varchar(255) DEFAULT NULL,
  `image_one` varchar(255) DEFAULT NULL,
  `image_three` varchar(255) DEFAULT NULL,
  `image_two` varchar(255) DEFAULT NULL,
  `name` varchar(255) DEFAULT NULL,
  `old_price` bigint(20) DEFAULT NULL,
  `price` bigint(20) DEFAULT NULL,
  `subdescription` varchar(255) DEFAULT NULL,
  `threshhold` int(11) DEFAULT NULL,
  PRIMARY KEY (`prod_id`)
) ENGINE=InnoDB DEFAULT CHARSET=utf8mb4 COLLATE=utf8mb4_0900_ai_ci;



--
-- end  table dump : product
--


--
-- Inserts of product
--


/*!40000 ALTER TABLE `product` DISABLE KEYS */;

--
-- start table insert : product
--
INSERT INTO `product`(`prod_id`, `active`, `description`, `harvest_time`, `image_main`, `image_one`, `image_three`, `image_two`, `name`, `old_price`, `price`, `subdescription`, `threshhold`) VALUES 
('1', 1, 'Something', null, 'location', null, null, null, 'Olive Oil', '0', '2499', null, 50),
('2', 1, 'Something else', null, 'location', null, null, null, 'Extra Virgin Olive Oil', '0', '3099', null, 50);
--
-- end table insert : product
--

/*!40000 ALTER TABLE `product` ENABLE KEYS */;


--
-- start  table dump : purchase_order
--

CREATE TABLE IF NOT EXISTS `purchase_order` (
  `po_num` bigint(20) NOT NULL AUTO_INCREMENT,
  `date_ordered` date DEFAULT NULL,
  `date_received` date DEFAULT NULL,
  `received` bit(1) NOT NULL,
  PRIMARY KEY (`po_num`)
) ENGINE=InnoDB AUTO_INCREMENT=11 DEFAULT CHARSET=utf8mb4 COLLATE=utf8mb4_0900_ai_ci;



--
-- end  table dump : purchase_order
--


--
-- Inserts of purchase_order
--


/*!40000 ALTER TABLE `purchase_order` DISABLE KEYS */;

--
-- start table insert : purchase_order
--
INSERT INTO `purchase_order`(`po_num`, `date_ordered`, `date_received`, `received`) VALUES 
('1', '2020-03-29', '2020-03-29', 0),
('2', '2020-03-29', '2020-03-29', 0),
('3', '2020-03-29', '2020-03-29', 0),
('4', '2020-03-29', '2020-03-29', 0),
('5', '2020-03-29', '2020-03-29', 0),
('6', '2020-03-29', '2020-03-29', 0),
('7', '2020-03-29', '2020-03-29', 0),
('8', '2020-03-29', '2020-03-29', 0),
('9', '2020-03-29', '2020-03-29', 0),
('10', '2020-03-29', '2020-05-29', 0);
--
-- end table insert : purchase_order
--

/*!40000 ALTER TABLE `purchase_order` ENABLE KEYS */;


--
-- start  table dump : spring_session
--

CREATE TABLE IF NOT EXISTS `spring_session` (
  `PRIMARY_ID` char(36) NOT NULL,
  `SESSION_ID` char(36) NOT NULL,
  `CREATION_TIME` bigint(20) NOT NULL,
  `LAST_ACCESS_TIME` bigint(20) NOT NULL,
  `MAX_INACTIVE_INTERVAL` int(11) NOT NULL,
  `EXPIRY_TIME` bigint(20) NOT NULL,
  `PRINCIPAL_NAME` varchar(100) DEFAULT NULL,
  PRIMARY KEY (`PRIMARY_ID`),
  UNIQUE KEY `SPRING_SESSION_IX1` (`SESSION_ID`),
  KEY `SPRING_SESSION_IX2` (`EXPIRY_TIME`),
  KEY `SPRING_SESSION_IX3` (`PRINCIPAL_NAME`)
) ENGINE=InnoDB DEFAULT CHARSET=utf8mb4 COLLATE=utf8mb4_0900_ai_ci ROW_FORMAT=DYNAMIC;



--
-- end  table dump : spring_session
--



--
-- start  table dump : spring_session_attributes
--

CREATE TABLE IF NOT EXISTS `spring_session_attributes` (
  `SESSION_PRIMARY_ID` char(36) NOT NULL,
  `ATTRIBUTE_NAME` varchar(200) NOT NULL,
  `ATTRIBUTE_BYTES` blob NOT NULL,
  PRIMARY KEY (`SESSION_PRIMARY_ID`,`ATTRIBUTE_NAME`),
  CONSTRAINT `SPRING_SESSION_ATTRIBUTES_FK` FOREIGN KEY (`SESSION_PRIMARY_ID`) REFERENCES `spring_session` (`PRIMARY_ID`) ON DELETE CASCADE
) ENGINE=InnoDB DEFAULT CHARSET=utf8mb4 COLLATE=utf8mb4_0900_ai_ci ROW_FORMAT=DYNAMIC;



--
-- end  table dump : spring_session_attributes
--



--
-- start  table dump : warehouse
--

CREATE TABLE IF NOT EXISTS `warehouse` (
  `warehouse_num` bigint(20) NOT NULL AUTO_INCREMENT,
  `active` bit(1) NOT NULL,
  `address` varchar(255) NOT NULL,
  `city` varchar(255) NOT NULL,
  `phone_number` varchar(255) NOT NULL,
  `postal_code` varchar(255) NOT NULL,
  `province` varchar(255) NOT NULL,
  PRIMARY KEY (`warehouse_num`)
) ENGINE=InnoDB AUTO_INCREMENT=3 DEFAULT CHARSET=utf8mb4 COLLATE=utf8mb4_0900_ai_ci;



--
-- end  table dump : warehouse
--


--
-- Inserts of warehouse
--


/*!40000 ALTER TABLE `warehouse` DISABLE KEYS */;

--
-- start table insert : warehouse
--
INSERT INTO `warehouse`(`warehouse_num`, `active`, `address`, `city`, `phone_number`, `postal_code`, `province`) VALUES 
('1', 1, 'Home', 'calgary', '1234567894', 'T1T1T1', 'AB'),
('2', 1, 'NotHome', 'calgary', '7894561234', 'E1E 1E1', 'AB');
--
-- end table insert : warehouse
--

/*!40000 ALTER TABLE `warehouse` ENABLE KEYS */;

/*!40101 SET SQL_MODE=IFNULL(@OLD_SQL_MODE, '') */;
/*!40014 SET FOREIGN_KEY_CHECKS=IF(@OLD_FOREIGN_KEY_CHECKS IS NULL, 1, @OLD_FOREIGN_KEY_CHECKS) */;
/*!40101 SET CHARACTER_SET_CLIENT=@OLD_CHARACTER_SET_CLIENT */;